Cycle,estimate,lost
5,29.987499999999997,0.35749999999999815
6,30.04,0.41000000000000014
7,30.092499999999998,0.2875000000000014
8,30.145,0.3949999999999996
9,30.1975,0.44750000000000156
10,30.250000000000004,0.060000000000002274
11,30.302500000000006,0.11250000000000426
12,30.355000000000008,0.04500000000000881
13,30.40750000000001,0.0975000000000108
14,30.46000000000001,0.03999999999998849
15,30.512500000000014,0.0125000000000135
16,31.10572289156627,0.4157228915662685
17,31.22668674698796,0.5366867469879573
18,31.49443835616439,0.30443835616438975
19,31.62926027397261,0.43926027397260725
20,31.57319047619048,0.3831904761904781
21,31.685047619047623,0.4950476190476216
22,31.96633333333333,0.33633333333333226
23,32.09733333333333,0.4673333333333325
24,32.10633333333333,0.47633333333333283
25,32.22733333333333,0.5973333333333279
26,32.382333333333335,0.3223333333333329
27,32.50533333333334,0.4453333333333376
28,32.518047619047614,0.3280476190476165
29,32.6267619047619,0.4367619047619016
30,32.44304761904762,0.5030476190476172
31,32.526761904761905,0.5867619047619037
32,32.01209523809524,0.32209523809524043
33,32.03152380952381,0.34152380952381023
34,32.11457142857143,0.07542857142856718
35,32.13514285714286,0.05485714285713783
36,32.133333333333326,0.11666666666667425
37,32.143333333333324,0.10666666666667624
38,32.09819047619048,0.09819047619048149
39,32.105047619047625,0.10504761904762461
40,32.018857142857144,0.20885714285714485
41,32.02371428571429,0.21371428571429263
42,32.05257142857143,0.007428571428569342
43,32.05914285714286,8.571428571428896E-4
44,31.531476190476187,0.028523809523811394
45,31.475619047619045,0.084380952380954
46,31.312476190476186,0.18752380952381387
47,31.243619047619042,0.25638095238095815
48,31.429428571428566,0.2605714285714349
49,31.38685714285714,0.3031428571428627
50,31.102714285714285,0.027285714285714135
51,31.03742857142857,0.09257142857142853
52,30.943095238095232,0.306904761904768
53,30.869523809523805,0.38047619047619463
54,31.534809523809525,0.34519047619047427
55,31.53895238095238,0.34104761904761816
56,31.895285714285713,0.04471428571428859
57,31.936571428571426,0.003428571428575111
58,31.850428571428573,0.29042857142857414
59,31.884857142857143,0.3248571428571445
60,31.779333333333334,0.39933333333333465
61,31.811333333333334,0.4313333333333347
62,31.42442857142857,0.04442857142857193
63,31.40685714285714,0.02685714285714269
64,30.667666666666662,0.14233333333333675
65,30.56466666666666,0.2453333333333383
66,30.093095238095238,0.28690476190476133
67,29.94952380952381,0.43047619047618824
68,29.714857142857138,0.41514285714286103
69,29.56171428571428,0.5682857142857181
70,29.000380952380954,0.4396190476190469
71,28.80209523809524,0.6379047619047604
72,28.560523809523808,0.7494761904761909
73,28.35038095238095,0.95961904761905
74,28.276428571428575,0.6035714285714242
75,28.082857142857147,0.7971428571428518
76,28.06252380952381,0.627476190476191
77,27.886380952380954,0.8036190476190477
78,27.832047619047618,0.5479523809523812
79,27.6687619047619,0.7112380952380981
80,27.94466666666667,0.4953333333333312
81,27.830666666666673,0.6093333333333284
82,27.962285714285716,0.4177142857142826
83,27.87257142857143,0.5074285714285693
84,28.04390476190476,0.20609523809524077
85,27.986476190476186,0.2635238095238144
86,28.006904761904764,0.12309523809523526
87,27.960476190476193,0.16952380952380608
88,27.92504761904762,0.07495238095237866
89,27.882761904761907,0.11723809523809336
90,27.80457142857143,0.19542857142857173
91,27.755142857142857,0.24485714285714266
92,27.853238095238098,0.20676190476190115
93,27.817809523809526,0.24219047619047274
94,28.002428571428574,0.12757142857142512
95,27.99085714285714,0.13914285714285768
96,28.215000000000003,0.03499999999999659
97,28.230000000000004,0.01999999999999602
98,28.395857142857142,0.08585714285714374
99,28.429714285714283,0.11971428571428433
100,28.453238095238092,0.14323809523809317
101,28.48780952380952,0.17780952380952186
102,28.395476190476188,0.1454761904761881
103,28.41761904761904,0.16761904761904134
104,28.362857142857145,0.052857142857146044
105,28.375714285714288,0.06571428571428939
106,28.317428571428568,0.007428571428569342
107,28.32085714285714,0.0108571428571409
108,28.218285714285713,0.028285714285711805
109,28.210571428571427,0.0205714285714258
110,28.074904761904765,0.014904761904766417
111,28.054476190476194,0.0055238095238046014
112,27.988666666666663,0.07133333333333525
113,27.962666666666664,0.09733333333333505
114,27.833000000000002,0.10699999999999932
115,27.794,0.1460000000000008
116,27.786190476190477,0.1538095238095245
117,27.74904761904762,0.19095238095238187
118,27.912523809523815,0.14747619047618343
119,27.89638095238096,0.16361904761904
120,28.071666666666665,0.05833333333333357
121,28.076666666666664,0.053333333333334565
122,28.162190476190467,0.03219047619046833
123,28.17704761904761,0.04704761904761057
124,28.236714285714285,0.1067142857142862
125,28.25942857142857,0.12942857142856923
126,28.078999999999997,0.1389999999999958
127,28.081999999999997,0.1419999999999959
128,27.736761904761906,0.04676190476190456
129,27.702190476190477,0.012190476190475863
130,27.48338095238096,0.14661904761904054
131,27.426095238095243,0.20390476190475582
132,27.505476190476195,0.3045238095238041
133,27.457619047619048,0.35238095238095113
134,27.556428571428572,0.19357142857142762
135,27.52285714285714,0.22714285714285865
136,27.738523809523805,0.07147619047619358
137,27.734380952380945,0.07561904761905325
138,27.873428571428573,0.06342857142857383
139,27.88885714285714,0.07885714285714229
140,27.746857142857145,0.1168571428571461
141,27.747714285714288,0.11771428571428899
142,27.684571428571427,0.06542857142857272
143,27.675142857142855,0.07485714285714451
144,27.56861904761905,0.008619047619049525
145,27.549904761904763,0.010095238095235715
146,27.47180952380952,0.08819047619047993
147,27.444952380952373,0.11504761904762617
148,27.456428571428567,0.10357142857143131
149,27.432857142857138,0.12714285714286078
150,27.453904761904763,0.04609523809523708
151,27.436476190476192,0.06352380952380798
152,27.40823809523809,0.09176190476190982
153,27.38780952380952,0.11219047619048084
154,27.512571428571427,0.04742857142857204
155,27.509142857142855,0.0508571428571436
156,27.539999999999996,0.020000000000003126
157,27.539999999999996,0.020000000000003126
158,27.567428571428568,0.007428571428569342
159,27.57085714285714,0.0108571428571409
160,27.462,0.08200000000000074
161,27.456,0.07600000000000051
162,27.175190476190473,0.04519047619047356
163,27.141047619047615,0.011047619047616308
164,26.692476190476192,0.057523809523807756
165,26.613619047619046,0.1363809523809536
166,25.96157142857143,0.1684285714285707
167,25.821142857142856,0.3088571428571427
168,24.81942857142856,0.31057142857143916
169,24.586857142857127,0.5431428571428718
170,23.679142857142857,0.7008571428571422
171,23.370285714285714,1.009714285714285
172,23.195999999999998,1.2440000000000033
173,22.88799999999999,1.5520000000000103
174,23.13057142857142,1.179428571428577
175,22.873142857142852,1.4368571428571464
176,23.42476190476192,0.8252380952380811
177,23.25619047619049,0.9938095238095102
178,23.853428571428573,0.3365714285714283
179,23.77885714285715,0.4111428571428526
180,24.092190476190474,0.09780952380952712
181,24.067047619047617,0.12295238095238403
182,24.07080952380953,0.11919047619047163
183,24.046952380952384,0.14304761904761776
184,24.17514285714286,0.07485714285714096
185,24.16828571428572,0.08171428571428052
186,24.240571428571425,0.009428571428575339
187,24.243142857142853,0.00685714285714667
188,24.281714285714283,0.03171428571428336
189,24.28942857142857,0.03942857142856937
190,24.329142857142863,0.01914285714286379
191,24.340285714285717,0.030285714285717802
192,24.400809523809524,0.020809523809525388
193,24.41695238095238,0.03695238095238196
194,24.517619047619046,0.017619047619046313
195,24.54190476190476,0.041904761904760335
196,24.697523809523812,0.06752380952381287
197,24.736380952380955,0.10638095238095602
198,24.923428571428566,0.11342857142856744
199,24.978857142857137,0.1688571428571386
200,25.117285714285714,0.17728571428571271
201,25.18257142857143,0.2425714285714271
202,25.235714285714288,0.23571428571428754
203,25.301428571428573,0.3014285714285734
204,25.336714285714287,0.20671428571428763
205,25.399428571428572,0.26942857142857335
206,25.43085714285715,0.1808571428571497
207,25.489714285714292,0.23971428571429243
208,25.480190476190476,0.1701904761904771
209,25.53104761904762,0.2210476190476207
210,25.724285714285713,0.0942857142857143
211,25.788571428571426,0.15857142857142748
212,25.95185714285714,0.20185714285713985
213,26.027714285714282,0.277714285714282
214,26.076571428571434,0.2665714285714351
215,26.151142857142858,0.3411428571428594
216,26.238714285714284,0.2387142857142841
217,26.31542857142857,0.31542857142856917
218,26.64704761904762,0.1470476190476191
219,26.748761904761906,0.2487619047619063
220,27.036476190476193,0.22647619047619472
221,27.15561904761905,0.3456190476190528
222,27.42595238095238,0.4259523809523813
223,27.565238095238094,0.5652380952380938
224,27.991619047619047,0.4316190476190478
225,28.16390476190476,0.6039047619047615
226,28.366095238095227,0.556095238095228
227,28.543523809523798,0.733523809523799
228,28.68423809523809,0.4942380952380887
229,28.855809523809523,0.6658095238095214
230,29.047285714285717,0.5472857142857173
231,29.22257142857143,0.7225714285714311
232,29.562857142857133,0.5028571428571347
233,29.755714285714276,0.6957142857142777
234,29.68447619047619,0.6244761904761909
235,29.849619047619043,0.7896190476190448
236,29.92609523809524,0.5460952380952406
237,30.083523809523815,0.7035238095238157
238,29.99861904761905,0.4986190476190515
239,30.129904761904765,0.6299047619047649
240,29.696714285714286,0.5067142857142848
241,29.76942857142857,0.5794285714285685
242,29.502809523809525,0.1228095238095257
243,29.53295238095238,0.15295238095238162
244,29.36647619047619,0.11647619047619173
245,29.375619047619047,0.12561904761904685
246,28.957904761904757,0.017904761904755873
247,28.918476190476188,0.021523809523813497
248,28.823714285714285,0.17628571428571504
249,28.77542857142857,0.22457142857142998
250,28.763809523809527,0.11619047619047151
251,28.720952380952383,0.159047619047616
252,28.509047619047614,0.18095238095238741
253,28.4447619047619,0.24523809523810058
254,28.39295238095238,0.16704761904761867
255,28.331238095238092,0.22876190476190672
256,28.337666666666664,0.16233333333333633
257,28.284666666666663,0.21533333333333715
258,28.07295238095238,0.17704761904762023
259,28.001238095238094,0.2487619047619063
260,27.81942857142857,0.1805714285714295
261,27.736857142857144,0.26314285714285646
262,27.62990476190476,0.2500952380952377
263,27.54447619047619,0.33552380952381
264,27.408380952380945,0.2816190476190563
265,27.31609523809523,0.37390476190477173
266,27.05261904761905,0.2573809523809487
267,26.941904761904762,0.36809523809523625
268,26.57552380952381,0.23447619047619028
269,26.44038095238095,0.3696190476190502
270,26.09757142857142,0.4024285714285796
271,25.939142857142848,0.5608571428571523
272,25.772714285714287,0.6072857142857124
273,25.60742857142857,0.7725714285714282
274,25.830714285714294,0.6692857142857065
275,25.701428571428572,0.798571428571428
276,26.128095238095238,0.4319047619047609
277,26.059523809523807,0.5004761904761921
278,26.494761904761905,0.13523809523809405
279,26.486190476190476,0.14380952380952294
280,26.744476190476192,0.05447619047619057
281,26.769619047619045,0.07961904761904393
282,26.825285714285716,0.13528571428571468
283,26.856571428571428,0.1665714285714266
284,26.78666666666667,0.09666666666666757
285,26.806666666666672,0.1166666666666707
286,26.79747619047619,0.04747619047618912
287,26.813619047619046,0.06361904761904569
288,26.78914285714286,0.03914285714285981
289,26.800285714285717,0.050285714285717376
290,26.781714285714287,0.031714285714286916
291,26.789428571428573,0.03942857142857292
292,26.784857142857142,0.03485714285714181
293,26.791714285714285,0.04171428571428493
294,26.818571428571428,0.008571428571428896
295,26.827142857142857,0.017142857142857792
296,26.82485714285714,0.014857142857142236
297,26.831714285714284,0.021714285714285353
298,26.841714285714286,0.031714285714286916
299,26.849428571428568,0.03942857142856937
300,26.84485714285714,0.03485714285714181
301,26.851714285714284,0.04171428571428493
302,26.834285714285713,0.024285714285714022
303,26.838571428571424,0.028571428571424917
304,26.765714285714285,0.015714285714285126
305,26.782,0.027999999999998693
306,26.77942857142857,0.03057142857142736
307,26.877232876712327,0.06276712328767431
308,26.88498630136986,0.05501369863014105
309,27.007951807228913,0.00795180722891331
310,27.029036144578313,0.029036144578313383
311,27.101588785046733,0.10158878504673297
312,27.130467289719633,0.13046728971963262
313,27.090481927710844,0.15048192771084246
314,27.114457831325304,0.17445783132530224
315,27.005506849315072,0.06550684931507078
316,27.014082191780822,0.0740821917808212
317,26.93257142857143,0.007428571428572894
318,26.929142857142857,0.010857142857144453
319,26.905142857142856,0.03485714285714536
320,26.898285714285713,0.04171428571428848
321,26.915714285714287,0.024285714285714022
322,26.911428571428573,0.02857142857142847
323,26.94,0.0
324,26.94,0.0
325,26.89571428571429,0.01571428571429223
326,26.891428571428577,0.011428571428577783
327,26.865142857142857,0.014857142857142236
328,26.858285714285714,0.021714285714285353
329,26.892571428571433,0.04742857142856849
330,26.88914285714286,0.05085714285714005
331,26.920000000000005,0.01999999999999602
332,26.920000000000005,0.01999999999999602
333,26.947428571428574,0.007428571428572894
334,26.950857142857146,0.010857142857144453
335,26.97485714285715,0.034857142857148915
336,26.98171428571429,0.04171428571428848
337,26.96428571428572,0.024285714285717575
338,26.968571428571433,0.028571428571432023
339,26.984285714285715,0.015714285714285126
340,26.98857142857143,0.011428571428570677
341,27.059142857142856,8.571428571428896E-4
342,27.070285714285713,0.010285714285714675
343,27.106571428571424,0.0465714285714256
344,27.12114285714285,0.06114285714285117
345,27.12657142857143,0.06657142857143228
346,27.141142857142857,0.08114285714285785
347,27.07485714285714,0.07485714285714096
348,27.081714285714284,0.08171428571428407
349,27.00942857142857,0.009428571428568233
350,27.00685714285714,0.006857142857139564
351,27.012571428571427,0.04742857142857204
352,27.009142857142855,0.0508571428571436
353,26.85547619047619,0.045476190476190226
354,26.837619047619047,0.027619047619047876
355,26.62266666666666,0.007333333333338743
356,26.58466666666666,0.045333333333339
357,26.57671428571429,0.17328571428571138
358,26.539428571428576,0.21057142857142352
359,26.659571428571432,0.22042857142856676
360,26.63514285714286,0.2448571428571391
361,27.087238095238092,0.2227619047619065
362,27.10980952380952,0.20019047619047825
363,27.80680952380952,0.056809523809519646
364,27.90495238095238,0.1549523809523805
365,28.490809523809535,0.3608095238095359
366,28.646952380952396,0.5169523809523966
367,28.847666666666676,0.5976666666666759
368,29.014666666666677,0.7646666666666775
369,28.91023809523809,0.6602380952380891
370,29.053809523809516,0.803809523809516
371,28.852523809523802,0.4125238095238011
372,28.95638095238094,0.5163809523809384
373,28.71057142857143,0.27057142857142935
374,28.773142857142858,0.33314285714285674
375,28.67757142857143,0.11757142857143066
376,28.719142857142856,0.15914285714285725
377,28.751761904761906,0.1217619047619074
378,28.792190476190477,0.162190476190478
379,28.97219047619047,0.0921904761904706
380,29.027047619047615,0.14704761904761554
381,29.41766666666666,0.03766666666665941
382,29.50466666666666,0.1246666666666627
383,30.182809523809524,0.18280952380952442
384,30.332952380952385,0.3329523809523849
385,31.144952380952382,0.3949523809523825
386,31.3672380952381,0.6172380952381005
387,32.20866666666667,0.708666666666673
388,32.50266666666667,1.00266666666667
389,32.09114285714286,1.341142857142863
390,32.326285714285724,1.5762857142857243
391,31.876190476190473,0.8161904761904744
392,32.039047619047615,0.9790476190476163
393,31.479619047619032,0.4196190476190331
394,31.557904761904744,0.49790476190474564
395,31.04742857142857,0.04742857142856849
396,31.05085714285714,0.05085714285714005
397,30.957619047619044,0.17238095238095497
398,30.94190476190476,0.1880952380952401
399,31.159999999999993,0.15999999999999304
400,31.179999999999993,0.1799999999999926
401,31.14190476190476,0.04809523809523952
402,31.15047619047619,0.03952380952381063
403,31.404095238095238,0.03590476190476366
404,31.43752380952381,0.0024761904761909648
405,31.808238095238096,0.058238095238095866
406,31.877809523809525,0.1278095238095247
407,32.15690476190477,0.21690476190476815
408,32.25047619047619,0.3104761904761908
409,32.09257142857143,0.5325714285714334
410,32.16914285714286,0.6091428571428601
411,31.987857142857145,0.23785714285714477
412,32.035714285714285,0.2857142857142847
413,31.927999999999994,0.047999999999994714
414,31.953999999999994,0.07399999999999451
415,31.499714285714283,0.11971428571428433
416,31.47342857142857,0.09342857142857142
417,31.141238095238105,0.048761904761896346
418,31.081809523809532,0.10819047619046884
419,30.986809523809516,0.1431904761904832
420,30.924952380952373,0.20504761904762603
421,30.72519047619047,0.334809523809529
422,30.64104761904761,0.41895238095238696
423,30.698190476190476,0.3618095238095229
424,30.625047619047617,0.43495238095238165
425,30.911238095238094,0.14876190476190487
426,30.881809523809522,0.17819047619047623
427,31.091,0.0990000000000002
428,31.088,0.10200000000000031
429,31.23814285714286,0.01185714285713857
430,31.25228571428572,0.0022857142857191093
431,30.96452380952381,0.21452380952381134
432,30.952380952380953,0.20238095238095255
433,30.09128571428571,0.21128571428571163
434,29.994571428571426,0.11457142857142699
435,29.11871428571429,0.2612857142857088
436,28.935428571428574,0.4445714285714253
437,28.4784761904762,0.831523809523798
438,28.251619047619045,1.0583809523809542
439,29.05866666666668,1.2513333333333172
440,28.92266666666668,1.38733333333332
441,29.833714285714287,0.4162857142857135
442,29.81542857142857,0.43457142857143083
443,30.195904761904764,0.3859047619047651
444,30.24247619047619,0.4324761904761907
445,29.852904761904764,0.5429047619047651
446,29.86847619047619,0.5584761904761919
447,29.050428571428554,0.11042857142855311
448,28.974857142857118,0.03485714285711694
449,28.16395238095238,0.5860476190476192
450,27.989238095238093,0.7607619047619067
451,27.81000000000003,0.6299999999999706
452,27.630000000000024,0.8099999999999774
453,27.749523809523808,0.5604761904761908
454,27.602380952380955,0.707619047619044
455,27.72095238095237,0.4090476190476302
456,27.605238095238086,0.5247619047619132
457,27.663761904761913,0.33623809523808745
458,27.56819047619048,0.43180952380951965
459,27.62738095238096,0.3126190476190409
460,27.54809523809525,0.3919047619047511
461,27.6992380952381,0.24076190476190007
462,27.64580952380953,0.29419047619047234
463,27.759904761904764,0.18009523809523742
464,27.724476190476192,0.215523809523809
465,27.896809523809523,0.10319047619047694
466,27.88495238095238,0.11504761904761907
467,27.990571428571435,0.00942857142856468
468,27.993142857142864,0.006857142857136012
469,27.987428571428573,0.04742857142857204
470,27.990857142857145,0.0508571428571436
471,27.960000000000004,0.020000000000003126
472,27.960000000000004,0.020000000000003126
473,27.888285714285722,0.00828571428572289
474,27.880571428571436,5.714285714368827E-4
475,27.83028571428571,0.0497142857142876
476,27.816571428571425,0.06342857142857383
477,27.868285714285708,0.07171428571429317
478,27.860571428571422,0.07942857142857918
479,27.92,0.019999999999999574
480,27.92,0.019999999999999574
481,27.85147619047619,0.04147619047619244
482,27.84561904761905,0.03561904761905055
483,27.81266666666667,0.0026666666666699257
484,27.804666666666666,0.005333333333332746
485,27.765571428571427,0.04442857142857193
486,27.753142857142855,0.05685714285714383
487,27.64590476190476,0.04409523809524174
488,27.62247619047619,0.06752380952381287
489,27.511714285714287,0.04828571428571138
490,27.47942857142857,0.08057142857142807
491,27.46438095238095,0.09561904761904927
492,27.43409523809524,0.12590476190475997
493,27.37728571428571,0.12271428571429155
494,27.34257142857142,0.15742857142857858
495,27.36104761904762,0.13895238095237872
496,27.330761904761907,0.16923809523809297
497,27.415666666666667,0.08433333333333337
498,27.39866666666667,0.10133333333332928
499,27.420857142857145,0.019142857142856684
500,27.409714285714287,0.03028571428571425
501,27.40085714285715,0.039142857142852705
502,27.38971428571429,0.05028571428571027
503,27.408285714285718,0.03171428571428336
504,27.400571428571432,0.03942857142856937
505,27.40514285714286,0.03485714285714181
506,27.398285714285716,0.04171428571428493
507,27.415714285714287,0.024285714285714022
508,27.411428571428573,0.02857142857142847
509,27.395714285714284,0.015714285714285126
510,27.39142857142857,0.011428571428570677
511,27.365142857142853,0.014857142857145789
512,27.35828571428571,0.021714285714288906
513,27.252333333333333,0.0023333333333326323
514,27.235333333333333,0.014666666666666828
515,27.182952380952383,0.06704761904761725
516,27.161238095238097,0.0887619047619026
517,27.157000000000004,0.09299999999999642
518,27.136000000000003,0.11399999999999721
519,27.174476190476195,0.07552380952380489
520,27.159619047619053,0.09038095238094712
521,27.241666666666667,0.06833333333333158
522,27.236666666666668,0.07333333333333059
523,27.32485714285714,0.014857142857142236
524,27.33171428571428,0.0217142857142818
525,27.341714285714282,0.03171428571428336
526,27.349428571428568,0.03942857142856937
527,27.344857142857144,0.03485714285714536
528,27.351714285714287,0.04171428571428848
529,27.334285714285713,0.024285714285714022
530,27.338571428571427,0.02857142857142847
531,27.31,0.0
532,27.31,0.0
533,27.31,0.0
534,27.31,0.0
535,27.265714285714285,0.015714285714285126
536,27.26142857142857,0.011428571428570677
537,27.190857142857144,8.571428571428896E-4
538,27.179714285714283,0.010285714285718228
539,27.14342857142857,0.046571428571432705
540,27.12885714285714,0.06114285714286183
541,27.167714285714286,0.08228571428571385
542,27.15742857142857,0.09257142857142853
543,27.25,0.05999999999999872
544,27.25,0.05999999999999872
545,27.51680952380952,0.04319047619047822
546,27.544952380952378,0.015047619047621197
547,27.828714285714284,0.07871428571428396
548,27.88542857142857,0.13542857142856946
549,28.313095238095233,0.12309523809523171
550,28.409523809523808,0.2195238095238068
551,28.93795238095239,0.24795238095238759
552,29.0812380952381,0.3912380952380978
553,29.39819047619048,0.5181904761904796
554,29.56504761904762,0.6850476190476193
555,29.612428571428573,0.6124285714285733
556,29.770857142857146,0.770857142857146
557,29.738952380952362,0.5489523809523611
558,29.879238095238087,0.6892380952380854
559,28.83085714285714,0.7008571428571422
560,28.84971428571428,0.7197142857142822
561,28.158857142857123,0.031142857142878455
562,28.093714285714263,0.09628571428573807
563,27.80352380952381,0.3864761904761913
564,27.70438095238095,0.48561904761904984
565,27.542571428571428,0.4574285714285722
566,27.42914285714285,0.5708571428571503
567,27.55876190476193,0.4412380952380701
568,27.4681904761905,0.5318095238094998
569,27.78361904761905,0.026380952380947065
570,27.749904761904766,0.06009523809523287
571,27.704238095238097,0.17576190476190234
572,27.66580952380952,0.2141904761904776
573,27.720000000000002,0.1599999999999966
574,27.69,0.18999999999999773
575,27.71066666666667,0.039333333333331666
576,27.688666666666663,0.06133333333333724
577,27.681571428571424,0.06842857142857639
578,27.661142857142853,0.08885714285714741
579,27.665333333333333,0.02466666666666839
580,27.64933333333333,0.04066666666667018
581,27.59961904761905,0.09038095238095067
582,27.57790476190476,0.11209523809523958
583,27.561380952380958,0.06861904761904114
584,27.54009523809524,0.0899047619047586
585,27.580285714285715,0.049714285714284046
586,27.586,0.04400000000000048
587,27.573999999999998,0.05600000000000094
588,27.59580821917809,0.0341917808219101
589,27.58824657534247,0.041753424657528626
590,27.506566265060243,0.006566265060243381
591,27.491325301204817,0.008674698795182678
592,27.506947040498442,0.05305295950155653
593,27.49498442367601,0.06501557632399013
594,27.501867469879517,0.05813253012048136
595,27.49102409638554,0.06897590361445793
596,27.516246575342468,0.04375342465753107
597,27.50895890410959,0.05104109589040817
598,27.497952380952377,0.0020476190476230727
599,27.491238095238092,0.008761904761907857
600,27.465142857142858,0.02514285714285691
601,27.458285714285715,0.018285714285713794
602,27.393428571428572,0.04657142857142915
603,27.378857142857143,0.061142857142858276
604,27.373428571428573,0.06657142857142873
605,27.358857142857147,0.0811428571428543
606,27.380857142857142,0.059142857142859384
607,27.369714285714284,0.07028571428571695
608,27.415714285714294,0.024285714285706916
609,27.41142857142858,0.028571428571421364
610,27.44,0.0
611,27.44,0.0
612,27.48428571428572,0.015714285714281573
613,27.48857142857143,0.011428571428570677
614,27.55914285714286,8.571428571393369E-4
615,27.570285714285713,0.010285714285714675
616,27.658238095238094,0.02823809523809473
617,27.677809523809522,0.04780952380952286
618,27.8467619047619,0.036761904761903
619,27.882190476190473,0.07219047619047458
620,28.231190476190484,0.04119047619048288
621,28.299047619047627,0.10904761904762594
622,28.628714285714295,0.18871428571429405
623,28.725428571428587,0.2854285714285858
624,28.97590476190475,0.3459047619047517
625,29.092476190476184,0.4624761904761847
626,29.287333333333336,0.4073333333333373
627,29.415333333333336,0.5353333333333374
628,29.429952380952372,0.429952380952372
629,29.547238095238086,0.547238095238086
630,29.653904761904762,0.2739047619047632
631,29.766476190476205,0.3864761904762055
632,29.988476190476177,0.29847619047617613
633,30.111619047619044,0.4216190476190427
634,30.227095238095245,0.4170952380952464
635,30.351523809523826,0.5415238095238273
636,30.45742857142858,0.39742857142858057
637,30.580857142857155,0.5208571428571567
638,30.799714285714288,0.3597142857142863
639,30.933428571428564,0.4934285714285629
640,31.090238095238114,0.34023809523811366
641,31.223809523809543,0.47380952380954255
642,31.634761904761902,0.32476190476190325
643,31.796190476190475,0.48619047619047606
644,32.11900000000003,0.5590000000000295
645,32.30200000000002,0.7420000000000222
646,32.488,0.6080000000000005
647,32.67399999999999,0.7939999999999934
648,32.771000000000015,0.5810000000000173
649,32.94800000000002,0.758000000000024
650,33.08090476190475,0.5209047619047453
651,33.25247619047619,0.6924761904761851
652,32.873761904761906,0.6237619047619063
653,32.98819047619047,0.7381904761904678
654,32.63414285714286,0.4441428571428645
655,32.70028571428572,0.5102857142857218
656,32.25576190476191,0.19576190476190902
657,32.26419047619048,0.20419047619047603
658,31.87719047619048,0.06280952380951987
659,31.837047619047624,0.10295238095237735
660,31.821476190476194,0.308523809523809
661,31.77561904761905,0.3543809523809536
662,32.700238095238106,0.3597619047618963
663,32.75380952380954,0.3061904761904657
664,33.452904761904776,0.14290476190477364
665,33.57847619047621,0.26847619047620697
666,33.881,0.6310000000000002
667,34.038,0.7879999999999967
668,34.12471428571426,0.6847142857142643
669,34.283428571428544,0.8434285714285465
670,33.46771428571428,0.7177142857142798
671,33.527428571428565,0.7774285714285654
672,32.70161904761904,0.011619047619042533
673,32.653904761904755,0.03609523809524262
674,32.16771428571427,0.21228571428573417
675,32.06742857142855,0.31257142857145226
676,31.851619047619053,0.39838095238094695
677,31.733904761904753,0.5160952380952466
678,31.510999999999996,0.4290000000000056
679,31.377999999999986,0.5620000000000154
680,31.59014285714285,0.3498571428571502
681,31.498285714285707,0.44171428571429416
682,31.47919047619048,0.330809523809517
683,31.39304761904762,0.4169523809523774
684,31.825571428571422,0.36442857142857576
685,31.793142857142847,0.3968571428571508
686,32.17847619047619,0.13152380952381293
687,32.19161904761905,0.11838095238095292
688,32.280523809523814,0.22052380952381156
689,32.31038095238095,0.2503809523809508
690,32.281333333333336,0.15133333333333354
691,32.30733333333333,0.1773333333333298
692,31.817999999999998,0.2579999999999991
693,31.794,0.23400000000000176
694,31.086095238095226,0.10390476190477571
695,30.983523809523803,0.2064761904761987
696,30.456095238095244,0.3539047619047544
697,30.303523809523824,0.5064761904761745
698,29.944428571428546,0.49557142857145564
699,29.766857142857106,0.6731428571428957
700,29.421380952380957,0.6386190476190414
701,29.22009523809524,0.8399047619047586
702,29.215285714285685,0.5947142857143142
703,29.036571428571392,0.7734285714286067
704,28.905380952380966,0.5346190476190351
705,28.73209523809524,0.7079047619047607
706,28.616904761904777,0.5130952380952216
707,28.450476190476195,0.6795238095238041
708,28.374095238095194,0.5059047619048052
709,28.21752380952377,0.6624761904762302
710,28.242142857142838,0.5078571428571621
711,28.104285714285695,0.6457142857143054
712,28.07128571428572,0.4287142857142783
713,27.944571428571436,0.555428571428564
714,28.010095238095232,0.36990476190476684
715,27.9055238095238,0.4744761904761994
716,28.041428571428582,0.33857142857141653
717,27.962857142857153,0.4171428571428457
718,28.118714285714283,0.2612857142857159
719,28.06542857142857,0.31457142857142983
720,28.113142857142854,0.13685714285714567
721,28.072285714285712,0.1777142857142877
722,28.124952380952372,0.06504761904762901
723,28.097238095238087,0.0927619047619146
724,28.106428571428577,0.08357142857142463
725,28.082857142857147,0.1071428571428541
726,28.082761904761917,0.1072380952380847
727,28.06019047619049,0.12980952380951294
728,28.058238095238096,0.07176190476190314
729,28.03780952380952,0.09219047619047771
730,28.09085714285714,0.03914285714285981
731,28.07971428571428,0.050285714285717376
732,28.098285714285712,0.031714285714286916
733,28.090571428571426,0.03942857142857292
734,28.04347619047618,0.016523809523818045
735,28.03161904761904,0.028380952380960167
736,28.070047619047614,0.0599523809523852
737,28.0627619047619,0.06723809523809976
738,28.058666666666667,0.0013333333333314101
739,28.052666666666667,0.0073333333333316375
740,28.039,0.020999999999997243
741,28.031999999999996,0.028000000000002245
742,27.99104761904762,0.008952380952379713
743,27.980761904761902,0.01923809523809794
744,27.928523809523803,0.011476190476198411
745,27.914380952380945,0.02561904761905609
746,27.820809523809526,0.05919047619047291
747,27.79695238095238,0.08304761904761904
748,27.798571428571424,0.08142857142857451
749,27.777142857142856,0.1028571428571432
750,27.83342857142857,0.10657142857143143
751,27.81885714285714,0.12114285714286055
752,27.895714285714284,0.04428571428571715
753,27.89142857142857,0.048571428571431596
754,28.035999999999998,0.02400000000000091
755,28.047999999999995,0.012000000000004007
756,28.080285714285715,0.08028571428571496
757,28.09657142857143,0.09657142857142986
758,28.072857142857146,0.07285714285714562
759,28.085714285714285,0.08571428571428541
760,27.713238095238097,0.15323809523809828
761,27.687809523809523,0.1278095238095247
762,27.23595238095239,0.014047619047609317
763,27.165238095238102,0.08476190476189771
764,26.73185714285715,0.26814285714284836
765,26.6177142857143,0.38228571428570035
766,26.334095238095216,0.415904761904784
767,26.197523809523787,0.552476190476213
768,26.24204761904761,0.5679523809523879
769,26.118761904761897,0.6912380952381021
770,26.237476190476187,0.3225238095238119
771,26.14361904761904,0.4163809523809583
772,26.19480952380954,0.2451904761904622
773,26.118952380952393,0.3210476190476079
774,26.25609523809525,0.2439047619047514
775,26.203523809523823,0.29647619047617724
776,26.3747619047619,0.1852380952380983
777,26.346190476190472,0.21380952380952678
778,26.57590476190476,0.17409523809524075
779,26.572476190476188,0.1775238095238123
780,26.7264761904762,0.09647619047619926
781,26.74561904761905,0.1156190476190524
782,26.848428571428578,0.09842857142857753
783,26.87885714285715,0.1288571428571501
784,26.946904761904758,0.06690476190475891
785,26.980476190476185,0.10047619047618639
786,27.071380952380952,0.07138095238095232
787,27.110095238095237,0.11009523809523714
788,27.031,0.1509999999999998
789,27.058,0.17800000000000082
790,26.941857142857142,0.19185714285714184
791,26.957714285714285,0.2077142857142853
792,26.776714285714288,0.02671428571428791
793,26.769428571428573,0.01942857142857335
794,26.704428571428572,0.10557142857142665
795,26.686857142857143,0.12314285714285589
796,26.841000000000008,0.15899999999999181
797,26.838000000000008,0.16199999999999193
798,27.254952380952382,0.05504761904761679
799,27.2972380952381,0.012761904761898535
800,26.835619047619044,0.45561904761904515
801,26.835904761904757,0.45590476190475826
802,25.79871428571427,0.2987142857142686
803,25.69542857142855,0.1954285714285504
804,25.23204761904759,0.5179523809524085
805,25.078761904761876,0.6712380952381238
806,25.160761904761912,0.8992380952380863
807,25.01419047619048,1.0458095238095204
808,25.661714285714282,0.7782857142857189
809,25.58942857142857,0.8505714285714312
810,26.715809523809554,0.034190476190445906
811,26.786952380952414,0.03695238095241393
812,27.493428571428566,0.49342857142856644
813,27.64885714285714,0.648857142857139
814,27.98533333333333,0.4253333333333309
815,28.159333333333336,0.5993333333333375
816,28.533761904761917,0.4737619047619184
817,28.72819047619049,0.6681904761904924
818,29.35576190476189,0.4757619047618924
819,29.594190476190448,0.7141904761904492
820,29.677904761904756,0.927904761904756
821,29.908476190476193,1.1584761904761933
822,29.852904761904767,0.8529047619047674
823,30.0584761904762,1.058476190476199
824,29.99671428571429,0.556714285714289
825,30.16942857142857,0.7294285714285671
826,30.210571428571427,0.40057142857142836
827,30.36314285714286,0.5531428571428627
828,30.463000000000008,0.33300000000000907
829,30.604000000000013,0.4740000000000144
830,31.219238095238097,0.46923809523809723
831,31.415809523809543,0.6658095238095427
832,31.694523809523815,0.6345238095238166
833,31.902380952380952,0.8423809523809531
834,31.98466666666667,0.6746666666666705
835,32.18066666666667,0.8706666666666685
836,32.49047619047619,0.5504761904761857
837,32.69761904761904,0.7576190476190412
838,32.703476190476195,0.703476190476195
839,32.891619047619045,0.8916190476190451
840,32.80309523809525,0.5530952380952527
841,32.959523809523816,0.7095238095238159
842,32.90676190476191,0.526761904761905
843,33.042190476190484,0.6621904761904815
844,31.95585714285714,0.7658571428571399
845,31.969714285714286,0.7797142857142845
846,29.657380952380947,0.467380952380946
847,29.42809523809524,0.23809523809523725
848,28.057952380952315,0.882047619047686
849,27.69123809523802,1.248761904761981
850,27.22652380952377,1.7734761904762308
851,26.818380952380892,2.181619047619108
852,27.748428571428605,1.9415714285713968
853,27.45885714285717,2.2311428571428316
854,29.30685714285719,0.8831428571428113
855,29.257714285714336,0.9322857142856655
856,30.51623809523811,0.45623809523810976
857,30.641809523809528,0.5818095238095289
858,30.075095238095237,0.8850952380952357
859,29.230761904761902,1.1707619047619033
860,29.220476190476187,1.1604761904761887
861,27.376476190476126,0.0035238095238732114
862,27.189047619047557,0.19095238095244227
863,26.139178082191734,1.8008219178082676
864,25.839452054794492,2.100547945205509
865,26.00915662650604,2.2408433734939592
866,25.726566265060256,2.5234337349397435
867,27.735389408099778,1.2646105919002224
868,27.660342679127822,1.3396573208721776
869,29.371144578313277,0.8111445783132787
870,29.492469879518097,0.9324698795180986
871,29.45463013698628,0.9546301369862817
872,29.574931506849296,1.0749315068492962
873,28.13619047619047,0.5061904761904721
874,28.118476190476184,0.4884761904761845
875,26.94119047619047,0.3688095238095279
876,26.814476190476185,0.4955238095238137
877,26.02595238095236,1.1040476190476376
878,25.82638095238093,1.303619047619069
879,26.16142857142856,1.0885714285714414
880,26.00457142857141,1.2454285714285902
881,26.48309523809526,0.8269047619047392
882,26.379238095238108,0.9307619047618907
883,27.393809523809537,0.23619047619046185
884,27.395523809523823,0.23447619047617607
885,27.933809523809522,0.1838095238095221
886,27.987523809523807,0.23752380952380747
887,28.225714285714282,0.4157142857142837
888,28.300285714285714,0.4902857142857151
889,28.004523809523803,0.44452380952380466
890,28.049809523809515,0.4898095238095159
891,27.822142857142847,0.19214285714284784
892,27.84285714285713,0.21285714285713198
893,27.7397619047619,0.07023809523809987
894,27.743904761904755,0.06609523809524376
895,27.67547619047619,0.014523809523812048
896,27.672190476190472,0.017809523809528827
897,27.74690476190477,0.0030952380952307124
898,27.750761904761912,7.61904761912291E-4
899,27.868333333333332,0.11833333333333229
900,27.88533333333333,0.13533333333333175
901,27.745714285714286,0.05571428571428427
902,27.748285714285714,0.05828571428571294
903,27.644285714285715,0.04571428571428626
904,27.635714285714286,0.05428571428571516
905,27.78142857142857,0.02857142857142847
906,27.786571428571428,0.023428571428571132
907,27.598333333333326,0.03833333333332689
908,27.587333333333326,0.02733333333332766
909,27.28214285714285,0.027857142857147466
910,27.246857142857138,0.06314285714286072
911,27.091666666666654,0.21833333333334437
912,27.04466666666665,0.2653333333333485
913,27.038571428571437,0.34142857142856187
914,26.991428571428578,0.3885714285714208
915,27.126904761904758,0.31309523809524364
916,27.0927619047619,0.3472380952381009
917,27.27214285714286,0.03785714285713837
918,27.260857142857148,0.049142857142850715
919,27.466428571428573,0.026428571428571246
920,27.476571428571432,0.03657142857143114
921,27.433809523809522,0.053809523809523085
922,27.439523809523806,0.05952380952380665
923,27.53976190476191,0.020238095238088505
924,27.551904761904765,0.00809523809523327
925,27.57976190476191,0.07976190476190936
926,27.593904761904763,0.09390476190476349
927,27.75,0.120000000000001
928,27.778,0.1479999999999997
929,27.81047619047619,0.12047619047618952
930,27.838190476190476,0.1481904761904751
931,27.870714285714293,0.18071428571429138
932,27.900285714285722,0.21028571428572107
933,27.80952380952381,0.11952380952380892
934,27.82780952380952,0.13780952380951916
935,27.8097619047619,0.11976190476189785
936,27.82590476190476,0.13590476190475798
937,27.722857142857144,0.03285714285714292
938,27.72714285714286,0.037142857142857366
939,27.69,0.0
940,27.69,0.0
941,27.690000000000005,3.552713678800501E-15
942,27.69,0.0
943,27.637142857142855,0.007142857142856229
944,27.63285714285714,0.002857142857141781
945,27.601428571428567,0.028571428571432023
946,27.594571428571424,0.03542857142857514
947,27.582857142857144,0.04714285714285538
948,27.575142857142858,0.05485714285714138
949,27.466904761904765,0.0330952380952354
950,27.450761904761904,0.049238095238095525
951,27.405238095238087,0.09476190476191348
952,27.38609523809523,0.11390476190477017
953,27.292142857142853,0.08785714285714619
954,27.266857142857138,0.11314285714286143
955,27.155952380952392,0.15404761904760633
956,27.122380952380958,0.1876190476190409
957,27.005476190476195,0.18452380952380665
958,26.964190476190474,0.22580952380952724
959,26.927857142857142,0.2021428571428565
960,26.887142857142855,0.24285714285714377
961,26.884761904761916,0.24523809523808282
962,26.845904761904777,0.2840952380952224
963,27.000238095238096,0.18976190476190524
964,26.978095238095236,0.2119047619047656
965,27.104285714285716,0.08571428571428541
966,27.095714285714287,0.0942857142857143
967,27.15142857142857,0.02142857142857224
968,27.15057142857143,0.02057142857142935
969,27.202857142857148,0.012857142857146897
970,27.207142857142863,0.017142857142861345
971,27.310000000000002,3.552713678800501E-15
972,27.322000000000003,0.012000000000004007
973,27.427380952380958,0.04738095238095852
974,27.446952380952386,0.06695238095238665
975,27.40880952380953,0.15880952380953062
976,27.425523809523817,0.17552380952381696
977,27.48761904761905,0.10761904761904972
978,27.50904761904762,0.12904761904762196
979,27.567857142857136,0.06785714285713595
980,27.591142857142856,0.09114285714285586
981,27.645238095238092,0.08523809523809334
982,27.670095238095236,0.11009523809523714
983,27.93714285714286,0.12714285714286078
984,27.982857142857142,0.1728571428571435
985,28.259047619047635,0.3190476190476339
986,28.327619047619066,0.38761904761906507
987,29.026190476190493,0.276190476190493
988,29.146476190476207,0.3964761904762071
989,29.91357142857146,0.6635714285714585
990,30.091428571428594,0.8414285714285938
991,30.860000000000014,1.050000000000015
992,31.094000000000023,1.2840000000000238
993,31.310952380952386,1.3709523809523851
994,31.550380952380976,1.6103809523809751
995,30.95547619047619,1.3954761904761916
996,31.130190476190478,1.5701904761904792
997,30.269999999999996,0.639999999999997
998,30.348,0.718
999,29.494761904761898,0.18476190476189913
1000,29.485904761904756,0.17590476190475712
1001,29.53119047619047,0.4088095238095306
1002,29.514476190476184,0.42552380952381696
1003,30.66523809523811,0.2147619047618896
1004,30.744095238095255,0.13590476190474376
1005,31.487380952380988,0.7373809523809882
1006,31.634952380952427,0.8849523809524271
1007,31.54119047619048,1.0411904761904793
1008,31.678476190476204,1.1784761904762036
1009,30.944285714285712,0.9442857142857122
1010,31.01571428571428,1.0157142857142816
1011,29.974999999999987,0.02500000000001279
1012,29.937999999999988,0.06200000000001182
1013,29.44809523809522,0.6819047619047787
1014,29.35523809523808,0.7747619047619203
1015,29.588571428571427,0.47142857142857153
1016,29.523428571428568,0.5365714285714311
1017,29.916666666666675,0.21333333333332405
1018,29.894666666666676,0.23533333333332251
1019,30.592380952380957,0.03238095238095795
1020,30.636952380952387,0.07695238095238821
1021,31.274761904761903,0.21476190476190382
1022,31.369904761904763,0.30990476190476457
1023,31.601428571428556,0.6014285714285563
1024,31.712571428571422,0.7125714285714224
1025,32.13833333333335,0.6983333333333483
1026,32.28133333333335,0.841333333333349
1027,32.12809523809523,0.8180952380952284
1028,32.249238095238084,0.9392380952380854
1029,31.660476190476185,0.5304761904761861
1030,31.71819047619047,0.5881904761904693
1031,30.164285714285683,0.2842857142856836
1032,30.08371428571425,0.20371428571425199
1033,29.111666666666622,0.5783333333333793
1034,28.94866666666661,0.7413333333333902
1035,28.788095238095224,1.3419047619047753
1036,28.607238095238102,1.5227619047618965
1037,29.238333333333358,1.0716666666666406
1038,29.121333333333354,1.188666666666645
1039,29.850238095238133,0.399761904761867
1040,29.81209523809528,0.4379047619047185
1041,30.394761904761907,0.3947619047619071
1042,30.429904761904766,0.42990476190476556
1043,30.22047619047618,0.22047619047618028
1044,30.236190476190465,0.2361904761904654
1045,29.853571428571417,0.1464285714285829
1046,29.82742857142856,0.17257142857144103
1047,29.324285714285708,0.17571428571429237
1048,29.255714285714276,0.24428571428572354
1049,29.072142857142865,0.36785714285713667
1050,28.992857142857147,0.44714285714285396
1051,28.965714285714284,0.4142857142857146
1052,28.89028571428571,0.4897142857142889
1053,28.952380952380963,0.48761904761903807
1054,28.884952380952384,0.5550476190476168
1055,29.266428571428563,0.36357142857143643
1056,29.23657142857142,0.39342857142857923
1057,29.571666666666665,0.07166666666666544
1058,29.580666666666666,0.08066666666666578
1059,30.26380952380955,0.013809523809548807
1060,30.329523809523828,0.07952380952382754
1061,31.13214285714288,0.3821428571428811
1062,31.262857142857158,0.5128571428571576
1063,30.9154761904762,0.9154761904761983
1064,31.014190476190493,1.0141904761904925
1065,30.571666666666655,0.5716666666666548
1066,30.626666666666654,0.6266666666666545
1067,30.005952380952355,0.25595238095235473
1068,30.00238095238092,0.2523809523809213
1069,28.909999999999982,0.40000000000001634
1070,28.799999999999983,0.5100000000000158
1071,28.22023809523813,0.7797619047618696
1072,28.062095238095253,0.9379047619047469
1073,28.13690476190473,0.673095238095268
1074,28.002761904761883,0.807238095238116
1075,27.877142857142843,0.8128571428571583
1076,27.738857142857114,0.9511428571428873
1077,27.87714285714283,0.6828571428571699
1078,27.762857142857115,0.7971428571428838
1079,27.86,0.4499999999999993
1080,27.768,0.541999999999998
1081,27.83476190476189,0.4152380952381094
1082,27.757904761904754,0.4920952380952457
1083,27.85404761904762,0.39595238095238017
1084,27.791619047619037,0.45838095238096344
1085,27.92928571428572,0.3207142857142813
1086,27.883714285714284,0.3662857142857163
1087,27.958809523809506,0.17119047619049255
1088,27.92552380952379,0.20447619047621046
1089,28.039999999999996,0.09000000000000341
1090,28.021999999999995,0.10800000000000409
1091,28.088571428571427,0.10142857142857409
1092,28.07742857142857,0.11257142857143165
1093,28.121428571428577,0.06857142857142406
1094,28.114571428571434,0.07542857142856718
1095,28.118571428571435,0.011428571428563572
1096,28.113428571428578,0.01657142857142091
1097,28.08833333333333,0.028333333333332433
1098,28.08333333333333,0.023333333333329875
1099,28.012380952380944,0.047619047619054555
1100,28.00095238095237,0.059047619047628785
1101,27.95642857142856,0.10357142857143842
1102,27.940571428571413,0.11942857142858543
1103,27.917619047619045,0.08238095238095511
1104,27.901047619047613,0.09895238095238668
1105,27.8802380952381,0.059761904761902684
1106,27.86409523809524,0.07590476190476281
1107,27.81142857142858,0.06857142857142051
1108,27.792571428571435,0.08742857142856408
1109,27.694047619047623,0.11595238095237548
1110,27.667619047619052,0.14238095238094672
1111,27.595238095238088,0.1547619047619122
1112,27.564095238095234,0.1859047619047658
1113,27.585000000000008,0.16499999999999204
1114,27.558000000000007,0.19199999999999307
1115,27.613333333333333,0.13666666666666671
1116,27.593333333333334,0.1566666666666663
1117,27.6102380952381,0.07976190476190226
1118,27.594095238095242,0.09590476190475883
1119,27.57571428571428,0.05428571428571871
1120,27.56028571428571,0.06971428571429072
1121,27.607142857142854,0.08285714285714718
1122,27.59685714285714,0.09314285714286186
1123,27.57,0.05999999999999872
1124,27.558,0.07199999999999918
1125,27.45261904761904,0.04738095238095852
1126,27.433047619047613,0.06695238095238665
1127,27.459523809523812,0.10047619047618639
1128,27.443809523809524,0.11619047619047507
1129,27.364999999999995,0.0750000000000064
1130,27.343999999999994,0.09600000000000719
1131,27.29190476190476,0.14809523809524094
1132,27.266761904761903,0.17323809523809786
1133,27.15571428571429,0.09428571428571075
1134,27.12428571428572,0.125714285714281
1135,27.095238095238102,0.154761904761898
1136,27.06409523809524,0.1859047619047587
1137,27.087857142857153,0.22214285714284543
1138,27.059142857142866,0.25085714285713223
1139,27.07904761904763,0.11095238095237292
1140,27.055619047619057,0.13438095238094405
1141,27.075952380952387,0.11404761904761429
1142,27.05638095238096,0.13361904761904242
1143,27.144285714285722,0.04571428571427916
1144,27.13514285714286,0.05485714285714138
1145,27.125714285714288,0.06428571428571317
1146,27.132857142857148,0.05714285714285339
1147,27.12428571428572,0.06571428571428228
1148,27.237671232876714,0.0123287671232859
1149,27.24178082191781,0.008219178082189416
1150,27.169759036144573,0.039759036144573656
1151,27.16759036144578,0.03759036144577976
1152,27.110747663551393,0.01925233644860569
1153,27.103457943925225,0.026542056074774223
1154,27.189999999999998,0.060000000000002274
1155,27.189999999999998,0.060000000000002274
1156,27.3701095890411,0.00989041095889931
1157,27.38520547945206,0.005205479452062178
1158,27.523333333333344,0.08333333333334281
1159,27.549333333333344,0.10933333333334261
1160,27.835238095238108,0.20523809523810854
1161,27.886095238095248,0.2560952380952486
1162,28.21166666666666,0.2716666666666576
1163,28.28666666666666,0.34666666666666046
1164,28.35666666666667,0.41666666666666785
1165,28.432666666666677,0.49266666666667547
1166,28.537619047619053,0.407619047619054
1167,28.617047619047618,0.48704761904761895
1168,28.628333333333337,0.43833333333333613
1169,28.70333333333334,0.513333333333339
1170,28.705,0.3249999999999993
1171,28.77199999999999,0.39199999999999235
1172,28.89166666666668,0.2616666666666809
1173,28.960666666666683,0.33066666666668354
1174,29.2095238095238,0.39952380952380295
1175,29.295809523809524,0.48580952380952525
1176,29.613571428571433,0.4235714285714316
1177,29.71942857142858,0.5294285714285785
1178,30.03904761904765,0.5990476190476492
1179,30.165619047619074,0.7256190476190731
1180,30.140238095238118,0.7002380952381166
1181,30.25609523809527,0.8160952380952686
1182,30.809047619047618,0.4990476190476194
1183,30.95961904761907,0.6496190476190726
1184,32.01571428571435,0.7057142857143539
1185,32.24228571428574,0.9322857142857437
1186,33.16166666666663,1.221666666666632
1187,33.45066666666668,1.5106666666666762
1188,34.390714285714296,1.700714285714298
1189,34.74428571428575,2.0542857142857542
1190,34.77523809523808,2.145238095238078
1191,35.11409523809522,2.4840952380952146
1192,34.96190476190475,1.52190476190475
1193,35.25276190476188,1.812761904761885
1194,34.783571428571406,1.2835714285714062
1195,35.00342857142857,1.5034285714285716
1196,34.2540476190476,1.0640476190475994
1197,34.38961904761901,1.1996190476190094
1198,33.37761904761904,0.5676190476190399
1199,33.41104761904761,0.6010476190476055
1200,32.058333333333294,0.17833333333329549
1201,31.973333333333287,0.09333333333328753
1202,30.585714285714232,0.9142857142857679
1203,30.37228571428568,1.127714285714319
1204,30.058095238095234,1.3819047619047673
1205,29.82523809523809,1.6147619047619095
1206,29.050714285714264,1.1392857142857373
1207,28.772285714285715,1.4177142857142861
1208,28.175714285714264,1.3842857142857348
1209,27.87028571428573,1.6897142857142704
1210,28.40880952380951,1.5911904761904907
1211,28.173523809523772,1.8264761904762281
1212,29.497857142857157,1.4421428571428443
1213,29.38714285714289,1.5528571428571105
1214,30.864761904761952,0.4452380952380466
1215,30.893904761904817,0.41609523809518123
1216,32.35047619047623,0.9104761904762277
1217,32.52819047619053,1.0881904761905297
1218,32.90023809523805,1.3402380952380533
1219,33.1100952380952,1.5500952380951993
1220,32.70095238095237,0.9509523809523728
1221,32.85438095238095,1.10438095238095
1222,31.74928571428571,0.5592857142857071
1223,31.787714285714276,0.5977142857142752
1224,31.188095238095226,0.058095238095226875
1225,31.16723809523808,0.03723809523808086
1226,31.039523809523807,0.27047619047619165
1227,31.003809523809522,0.30619047619047635
1228,30.726190476190467,0.2738095238095326
1229,30.666476190476175,0.3335238095238253
1230,30.53285714285714,0.34714285714285964
1231,30.465142857142865,0.4148571428571337
1232,30.357380952380964,0.14261904761903565
1233,30.2929523809524,0.20704761904760005
1234,30.292619047619027,0.45738095238097287
1235,30.229047619047606,0.5209523809523944
1236,30.08333333333333,0.4166666666666714
1237,30.009333333333316,0.4906666666666837
1238,29.596190476190458,0.213809523809541
1239,29.49847619047617,0.3115238095238304
1240,28.733095238095217,0.45690476190478435
1241,28.579238095238054,0.6107619047619472
1242,28.119761904761873,0.880238095238127
1243,27.935904761904737,1.0640952380952626
1244,27.506666666666604,1.2433333333333962
1245,27.290666666666596,1.4593333333334044
1246,27.496190476190492,1.1338095238095072
1247,27.3144761904762,1.3155238095237998
1248,27.768571428571448,0.7314285714285518
1249,27.647428571428577,0.852571428571423
1250,28.090238095238092,0.4697619047619064
1251,28.022095238095233,0.5379047619047661
1252,28.19952380952381,0.30047619047618923
1253,28.153809523809528,0.34619047619047194
1254,28.294761904761913,0.1452380952380885
1255,28.267904761904767,0.17209523809523475
1256,28.341666666666665,0.09833333333333627
1257,28.324666666666662,0.11533333333333928
1258,28.482857142857142,0.07714285714285651
1259,28.481142857142856,0.07885714285714229
1260,28.43,0.010000000000001563
1261,28.424,0.01600000000000179
1262,28.497142857142858,0.002857142857141781
1263,28.498857142857144,0.001142857142856002
1264,28.36404761904761,0.05404761904761202
1265,28.35561904761904,0.04561904761904145
1266,28.23523809523809,0.07476190476191036
1267,28.216095238095228,0.0939047619047706
1268,28.090714285714284,0.15928571428571558
1269,28.060285714285712,0.18971428571428817
1270,28.047619047619044,0.14238095238095738
1271,28.01904761904762,0.1709523809523823
1272,27.95738095238096,0.17261904761904034
1273,27.92495238095239,0.20504761904760826
1274,28.005714285714284,0.12428571428571544
1275,27.98428571428571,0.14571428571428768
1276,27.9397619047619,0.12023809523809703
1277,27.91590476190476,0.1440952380952396
1278,28.006904761904753,0.12309523809524592
1279,27.992761904761895,0.1372380952381036
1280,28.013809523809524,0.04619047619047478
1281,28.00352380952381,0.05647619047618946
1282,28.086666666666666,0.043333333333333
1283,28.084666666666667,0.04533333333333189
1284,28.126666666666665,0.0033333333333338544
1285,28.128666666666664,0.0013333333333349628
1286,28.105,0.045000000000001705
1287,28.105999999999998,0.045999999999999375
1288,28.106666666666666,0.023333333333333428
1289,28.106666666666666,0.023333333333333428
1290,28.084999999999994,0.024999999999995026
1291,28.083999999999993,0.023999999999993804
1292,27.919285714285717,0.02071428571428413
1293,27.903714285714287,0.03628571428571448
1294,28.172142857142855,0.13785714285714334
1295,28.17885714285714,0.13114285714285856
1296,28.267857142857142,0.07785714285714107
1297,28.28314285714286,0.0931428571428583
1298,28.067857142857147,0.12785714285714533
1299,28.06514285714286,0.12514285714285833
1300,27.625714285714288,0.06571428571428939
1301,27.588285714285718,0.02828571428571891
1302,27.182380952380925,0.2576190476190767
1303,27.110952380952355,0.3290476190476461
1304,26.76333333333332,0.6166666666666778
1305,26.659333333333308,0.7206666666666912
1306,26.6452380952381,0.5447619047619021
1307,26.54809523809523,0.6419047619047724
1308,26.412380952380985,0.39761904761901334
1309,26.314952380952406,0.4950476190475932
1310,26.479999999999976,0.4600000000000257
1311,26.405999999999977,0.5340000000000238
1312,26.40214285714285,0.40785714285715
1313,26.332857142857137,0.4771428571428622
1314,26.438571428571436,0.371428571428563
1315,26.383428571428567,0.4265714285714317
1316,26.55214285714287,0.1978571428571314
1317,26.518857142857158,0.23114285714284222
1318,26.687380952380945,0.06261904761905512
1319,26.67495238095237,0.07504761904763058
1320,26.684523809523814,0.12547619047618497
1321,26.671809523809525,0.13819047619047353
1322,26.789999999999996,0.020000000000003126
1323,26.789999999999996,0.020000000000003126
1324,26.82428571428571,0.014285714285712459
1325,26.827714285714283,0.017714285714284017
1326,26.92023809523809,0.04023809523809163
1327,26.932095238095233,0.052095238095233753
1328,27.104761904761897,0.04476190476189856
1329,27.12990476190475,0.06990476190475192
1330,27.20071428571429,0.14071428571429223
1331,27.230285714285714,0.17028571428571482
1332,27.258095238095237,0.1980952380952381
1333,27.289238095238098,0.2292380952380988
1334,27.46428571428571,0.15428571428571303
1335,27.507714285714282,0.19771428571428373
1336,27.695,0.19500000000000028
1337,27.750000000000007,0.2500000000000071
1338,27.90142857142859,0.27142857142859
1339,27.964571428571453,0.3345714285714543
1340,28.369523809523827,0.3695238095238267
1341,28.463809523809545,0.46380952380954454
1342,28.73642857142856,0.5464285714285602
1343,28.848571428571418,0.6585714285714168
1344,28.947857142857146,0.5678571428571466
1345,29.05914285714286,0.6791428571428604
1346,29.210714285714303,0.5807142857143042
1347,29.32628571428573,0.6962857142857324
1348,29.03452380952379,0.6545238095237913
1349,29.117809523809512,0.7378095238095135
1350,28.327619047619038,0.38761904761903665
1351,28.335047619047607,0.395047619047606
1352,28.44833333333333,0.18166666666666842
1353,28.45733333333333,0.17266666666666808
1354,28.987857142857138,0.14214285714286135
1355,29.03514285714285,0.09485714285714764
1356,30.236428571428604,0.17642857142860535
1357,30.38057142857147,0.3205714285714727
1358,31.32785714285717,1.1378571428571682
1359,31.555142857142926,1.3651428571429243
1360,31.98547619047622,1.5454761904762186
1361,32.24419047619051,1.8041904761905094
1362,31.74071428571429,1.24071428571429
1363,31.93228571428571,1.4322857142857117
1364,31.23380952380947,0.8538095238094705
1365,31.34552380952374,0.9655238095237415
1366,31.022380952380956,0.21238095238095767
1367,31.084952380952387,0.2749523809523886
1368,31.00023809523809,0.31023809523808765
1369,31.050095238095224,0.3600952380952229
1370,31.399761904761917,0.14976190476191675
1371,31.471904761904767,0.22190476190476716
1372,31.92500000000001,0.42500000000001137
1373,32.03200000000001,0.5320000000000107
1374,32.585000000000036,0.6450000000000351
1375,32.73400000000004,0.794000000000036
1376,33.561666666666696,0.6816666666666933
1377,33.76666666666668,0.8866666666666774
1378,34.78142857142865,1.2214285714286461
1379,35.06257142857146,1.502571428571457
1380,34.736666666666736,1.606666666666733
1381,34.972666666666726,1.842666666666723
1382,33.85357142857143,1.41357142857143
1383,33.98142857142858,1.5414285714285825
1384,32.398333333333284,0.4583333333332824
1385,32.37333333333328,0.4333333333332767
1386,31.236904761904697,0.7630952380953033
1387,31.09476190476184,0.9052380952381611
1388,30.515714285714296,1.1142857142857032
1389,30.32228571428567,1.3077142857143293
1390,30.71833333333339,0.9116666666666084
1391,30.57733333333337,1.052666666666628
1392,31.052380952380986,0.5076190476190128
1393,30.97095238095241,0.5890476190475873
1394,31.101428571428556,0.2785714285714427
1395,31.042571428571406,0.3374285714285925
1396,30.596190476190472,0.28380952380952706
1397,30.504476190476197,0.37552380952380204
1398,30.161904761904765,0.39809523809523384
1399,30.050761904761885,0.5092380952381141
1400,29.557619047619028,0.6923809523809723
1401,29.409047619047612,0.8409523809523876
1402,29.24190476190472,0.8880952380952785
1403,29.086761904761858,1.0432380952381415
1404,29.076190476190476,0.8038095238095231
1405,28.932476190476194,0.9475238095238048
1406,29.07309523809522,0.6169047619047809
1407,28.957238095238097,0.7327619047619045
1408,28.86309523809527,0.5169047619047298
1409,28.751238095238108,0.6287619047618911
1410,28.594761904761924,0.5352380952380749
1411,28.479904761904777,0.6500952380952221
1412,28.362142857142857,0.6378571428571433
1413,28.244857142857143,0.7551428571428573
1414,28.280952380952357,0.5990476190476421
1415,28.176380952380924,0.7036190476190747
1416,28.401428571428596,0.5385714285714052
1417,28.324571428571446,0.6154285714285557
1418,28.464761904761886,0.28523809523811394
1419,28.40990476190474,0.3400952380952589
1420,28.48547619047619,0.20452380952380977
1421,28.44419047619047,0.24580952380953036
1422,28.380476190476188,0.1795238095238112
1423,28.338190476190476,0.22180952380952235
1424,28.329999999999984,0.23000000000001464
1425,28.289999999999985,0.2700000000000138
1426,28.252380952380953,0.24761904761904674
1427,28.210952380952378,0.2890476190476221
1428,28.386190476190475,0.17380952380952408
1429,28.36447619047619,0.19552380952380943
1430,28.417380952380956,0.08261904761904404
1431,28.526761904761905,0.10323809523809402
1432,28.521619047619048,0.10838095238095136
1433,28.546952380952376,0.046952380952376416
1434,28.546523809523805,0.04652380952380497
1435,28.56266666666666,0.0026666666666628203
1436,28.563666666666663,0.0036666666666640424
1437,28.413671232876712,0.033671232876713475
1438,28.404,0.02400000000000091
1439,28.152048192771076,0.15795180722892255
1440,28.12222891566264,0.1877710843373599
1441,27.8132398753894,0.31676012461059955
1442,27.760623052959488,0.36937694704051083
1443,27.590843373493968,0.40915662650603224
1444,27.52891566265059,0.47108433734941
1445,27.49276712328765,0.5072328767123508
1446,27.43046575342464,0.5695342465753583
1447,27.56780952380953,0.37219047619047174
1448,27.52123809523809,0.41876190476191155
1449,27.638476190476197,0.301523809523804
1450,27.603904761904772,0.3360952380952291
1451,27.726238095238102,0.15376190476189677
1452,27.70495238095239,0.17504761904761068
1453,27.580904761904748,0.10909523809525368
1454,27.553619047619037,0.13638095238096426
1455,27.452095238095232,0.23790476190476895
1456,27.418380952380943,0.2716190476190583
1457,27.11219047619045,0.26780952380955014
1458,27.05876190476188,0.32123809523811886
1459,26.72833333333334,0.46166666666666245
1460,26.653333333333336,0.5366666666666653
1461,26.407095238095224,0.5929047619047765
1462,26.31838095238095,0.6816190476190513
1463,26.34614285714285,0.6538571428571487
1464,26.264571428571415,0.7354285714285851
1465,26.451999999999998,0.6080000000000005
1466,26.38799999999999,0.6720000000000077
1467,26.65099999999999,0.28900000000001214
1468,26.61399999999999,0.32600000000001117
1469,26.5922857142857,0.1577142857142988
1470,26.559142857142845,0.19085714285715483
1471,26.553238095238086,0.1967619047619138
1472,26.522952380952376,0.2270476190476245
1473,26.274190476190455,0.2858095238095437
1474,26.226761904761872,0.3332380952381264
1475,26.145999999999972,0.41400000000002635
1476,26.09399999999998,0.46600000000001884
1477,26.23066666666665,0.3293333333333486
1478,26.192666666666646,0.3673333333333524
1479,26.362761904761904,0.1972380952380952
1480,26.341047619047615,0.21895238095238412
1481,26.428809523809523,0.13119047619047564
1482,26.41523809523809,0.1447619047619071
1483,26.631666666666668,0.0016666666666687036
1484,26.636666666666667,0.006666666666667709
1485,26.679333333333332,0.04933333333333323
1486,26.687333333333335,0.0573333333333359
1487,26.56990476190476,0.06990476190475903
1488,26.569619047619046,0.06961904761904592
1489,26.542476190476187,0.01752380952381216
1490,26.539904761904754,0.020095238095244383
1491,26.515047619047618,0.04495238095238108
1492,26.510190476190473,0.0498095238095253
1493,26.559285714285718,0.07071428571428129
1494,26.55714285714286,0.07285714285713851
1495,26.907809523809533,0.027809523809533943
1496,26.9312380952381,0.05123809523810152
1497,27.354904761904777,0.2949047619047782
1498,27.40961904761906,0.34961904761906126
1499,27.653333333333336,0.4633333333333347
1500,27.723333333333343,0.5333333333333421
1501,27.900047619047626,0.5900476190476276
1502,27.980190476190486,0.6701904761904878
1503,27.44938095238094,0.5693809523809392
1504,27.487523809523797,0.6075238095237978
1505,26.70538095238095,0.0753809523809501
1506,26.681523809523803,0.051523809523803976
1507,26.025190476190474,0.4148095238095273
1508,25.950761904761904,0.4892380952380968
1509,25.876380952380956,0.7536190476190434
1510,25.7955238095238,0.8344761904761988
1511,26.265285714285724,0.6147142857142747
1512,26.221142857142866,0.6588571428571335
1513,26.884476190476203,0.004476190476204067
1514,26.897904761904776,0.01790476190477719
1515,27.32961904761907,0.3296190476190688
1516,27.378476190476214,0.3784761904762135
1517,27.53671428571429,0.47671428571429075
1518,27.596857142857154,0.5368571428571549
1519,27.655999999999985,0.3459999999999859
1520,27.71399999999999,0.4039999999999928
1521,27.550476190476203,0.36047619047620216
1522,27.59190476190477,0.4019047619047704
1523,26.68199999999998,0.30199999999998184
1524,26.65799999999998,0.27799999999998093
1525,25.595904761904706,0.40409523809529446
1526,25.493619047619006,0.5063809523809937
1527,24.87409523809515,1.06590476190485
1528,24.72638095238085,1.2136190476191508
1529,24.383190476190464,1.3668095238095361
1530,24.212761904761862,1.5372380952381377
1531,24.538333333333327,1.1516666666666744
1532,24.403333333333336,1.2866666666666653
1533,24.735857142857157,0.5741428571428422
1534,24.643428571428558,0.6665714285714408
1535,24.6795238095238,0.5704761904761995
1536,24.598095238095226,0.651904761904774
1537,25.324380952380956,0.6156190476190453
1538,25.297523809523817,0.6424761904761844
1539,26.56257142857143,0.0025714285714322216
1540,26.63028571428572,0.0702857142857205
1541,27.7194761904762,0.8394761904762014
1542,27.867904761904782,0.9879047619047832
1543,28.68290476190475,1.5529047619047525
1544,28.891619047619088,1.7616190476190887
1545,29.0773333333334,1.6373333333333981
1546,29.28933333333339,1.8493333333333872
1547,29.129952380952403,1.2499523809524042
1548,29.309809523809548,1.4298095238095492
1549,29.31123809523811,1.121238095238109
1550,29.474952380952374,1.2849523809523724
1551,29.873666666666708,1.1836666666667064
1552,30.05466666666669,1.3646666666666896
1553,29.78052380952377,1.34052380952377
1554,29.93209523809523,1.492095238095228
1555,29.021809523809495,0.9618095238094959
1556,29.09723809523807,1.0372380952380702
1557,27.885761904761843,0.19576190476184152
1558,27.86304761904755,0.17304761904754784
1559,26.47366666666659,0.5863333333334104
1560,26.34466666666657,0.7153333333334295
1561,25.028285714285744,1.4117142857142575
1562,24.80314285714286,1.6368571428571421
1563,24.310523809523772,1.7494761904762264
1564,24.062095238095196,1.9979047619048025
1565,23.85733333333326,1.8326666666667428
1566,23.60933333333321,2.08066666666679
1567,23.95433333333341,1.7356666666665923
1568,23.747333333333415,1.942666666666586
1569,24.420142857142878,1.2098571428571212
1570,24.28057142857145,1.3494285714285503
1571,24.86957142857142,0.6904285714285798
1572,24.788285714285706,0.7717142857142925
1573,25.131190476190483,0.36880952380951726
1574,25.084761904761905,0.4152380952380952
1575,25.12790476190475,0.18209523809524697
1576,25.09161904761904,0.2183809523809579
1577,24.999428571428567,0.31057142857143205
1578,24.957714285714275,0.3522857142857241
1579,25.072904761904745,0.3070952380952541
1580,25.04161904761903,0.33838095238096955
1581,25.19066666666667,0.18933333333333024
1582,25.172666666666668,0.20733333333333093
1583,25.383238095238113,0.05676190476188836
